{
  "metrics": {
    "total_tests": 1148,
    "correct_predictions": 858,
    "accuracy": 0.7473867595818815,
    "true_positives": 858,
    "true_negatives": 0,
    "false_positives": 0,
    "false_negatives": 290,
    "precision": 1.0,
    "recall": 0.7473867595818815,
    "f1_score": 0.8554336989032901,
    "error_count": 0,
    "avg_processing_time": 15.019233449477353,
    "min_processing_time": 5.2,
    "max_processing_time": 86.66
  },
  "test_date": "2025-11-14T23:38:18.187681",
  "total_batches": 46,
  "batch_files": [
    "batch_0000_0024_20251114_170356.json",
    "batch_0025_0049_20251114_171147.json",
    "batch_0050_0074_20251114_172055.json",
    "batch_0075_0099_20251114_172905.json",
    "batch_0100_0124_20251114_173711.json",
    "batch_0125_0149_20251114_174516.json",
    "batch_0150_0174_20251114_175332.json",
    "batch_0175_0199_20251114_180210.json",
    "batch_0200_0224_20251114_180924.json",
    "batch_0225_0249_20251114_181752.json",
    "batch_0250_0274_20251114_182619.json",
    "batch_0275_0299_20251114_183529.json",
    "batch_0300_0324_20251114_184337.json",
    "batch_0325_0349_20251114_185240.json",
    "batch_0350_0374_20251114_190020.json",
    "batch_0375_0399_20251114_191058.json",
    "batch_0400_0424_20251114_192004.json",
    "batch_0425_0449_20251114_193034.json",
    "batch_0450_0474_20251114_193812.json",
    "batch_0475_0499_20251114_194607.json",
    "batch_0500_0524_20251114_195340.json",
    "batch_0525_0549_20251114_200147.json",
    "batch_0550_0574_20251114_201003.json",
    "batch_0575_0599_20251114_201804.json",
    "batch_0600_0624_20251114_202522.json",
    "batch_0625_0649_20251114_203327.json",
    "batch_0650_0674_20251114_204139.json",
    "batch_0675_0699_20251114_204944.json",
    "batch_0700_0724_20251114_205827.json",
    "batch_0725_0749_20251114_210602.json",
    "batch_0750_0774_20251114_211406.json",
    "batch_0775_0799_20251114_212220.json",
    "batch_0800_0824_20251114_213225.json",
    "batch_0825_0849_20251114_214229.json",
    "batch_0850_0874_20251114_215151.json",
    "batch_0875_0899_20251114_220023.json",
    "batch_0900_0924_20251114_220858.json",
    "batch_0925_0949_20251114_221827.json",
    "batch_0950_0974_20251114_222807.json",
    "batch_0975_0999_20251114_223802.json",
    "batch_1000_1024_20251114_224905.json",
    "batch_1025_1049_20251114_230030.json",
    "batch_1050_1074_20251114_231013.json",
    "batch_1075_1099_20251114_231957.json",
    "batch_1100_1124_20251114_232919.json",
    "batch_1125_1147_20251114_233817.json"
  ],
  "detailed_results_count": 1148
}