{
  "metrics": {
    "total_tests": 1148,
    "correct_predictions": 883,
    "accuracy": 0.769163763066202,
    "true_positives": 883,
    "true_negatives": 0,
    "false_positives": 0,
    "false_negatives": 265,
    "precision": 1.0,
    "recall": 0.769163763066202,
    "f1_score": 0.8695224027572624,
    "error_count": 0,
    "avg_processing_time": 11.819590592334494,
    "min_processing_time": 3.93,
    "max_processing_time": 50.23
  },
  "test_date": "2025-11-13T17:54:55.076001",
  "total_batches": 46,
  "batch_files": [
    "batch_0000_0024_20251113_122148.json",
    "batch_0025_0049_20251113_123058.json",
    "batch_0050_0074_20251113_123852.json",
    "batch_0075_0099_20251113_124605.json",
    "batch_0100_0124_20251113_125326.json",
    "batch_0125_0149_20251113_130100.json",
    "batch_0150_0174_20251113_130901.json",
    "batch_0175_0199_20251113_131621.json",
    "batch_0200_0224_20251113_132421.json",
    "batch_0225_0249_20251113_133226.json",
    "batch_0250_0274_20251113_134257.json",
    "batch_0275_0299_20251113_135021.json",
    "batch_0300_0324_20251113_135803.json",
    "batch_0325_0349_20251113_140600.json",
    "batch_0350_0374_20251113_141237.json",
    "batch_0375_0399_20251113_141943.json",
    "batch_0400_0424_20251113_142812.json",
    "batch_0425_0449_20251113_143548.json",
    "batch_0450_0474_20251113_144401.json",
    "batch_0475_0499_20251113_145219.json",
    "batch_0500_0524_20251113_145929.json",
    "batch_0525_0549_20251113_150729.json",
    "batch_0550_0574_20251113_151607.json",
    "batch_0575_0599_20251113_152300.json",
    "batch_0600_0624_20251113_152924.json",
    "batch_0625_0649_20251113_153552.json",
    "batch_0650_0674_20251113_154256.json",
    "batch_0675_0699_20251113_154927.json",
    "batch_0700_0724_20251113_155704.json",
    "batch_0725_0749_20251113_160352.json",
    "batch_0750_0774_20251113_161033.json",
    "batch_0775_0799_20251113_161751.json",
    "batch_0800_0824_20251113_162431.json",
    "batch_0825_0849_20251113_163038.json",
    "batch_0850_0874_20251113_163913.json",
    "batch_0875_0899_20251113_164647.json",
    "batch_0900_0924_20251113_165535.json",
    "batch_0925_0949_20251113_170221.json",
    "batch_0950_0974_20251113_170855.json",
    "batch_0975_0999_20251113_171535.json",
    "batch_1000_1024_20251113_172238.json",
    "batch_1025_1049_20251113_172938.json",
    "batch_1050_1074_20251113_173551.json",
    "batch_1075_1099_20251113_174228.json",
    "batch_1100_1124_20251113_174851.json",
    "batch_1125_1147_20251113_175455.json"
  ],
  "detailed_results_count": 1148
}