{
  "metrics": {
    "total_tests": 1148,
    "correct_predictions": 569,
    "accuracy": 0.49564459930313587,
    "true_positives": 569,
    "true_negatives": 0,
    "false_positives": 0,
    "false_negatives": 410,
    "precision": 1.0,
    "recall": 0.5812053115423902,
    "f1_score": 0.735142118863049,
    "error_count": 0,
    "avg_processing_time": 37.54311846689895,
    "min_processing_time": 14.42,
    "max_processing_time": 139.61
  },
  "test_date": "2025-11-07T14:07:15.557235",
  "total_batches": 46,
  "batch_files": [
    "batch_0000_0024_20251107_012711.json",
    "batch_0025_0049_20251107_014407.json",
    "batch_0050_0074_20251107_020125.json",
    "batch_0075_0099_20251107_022006.json",
    "batch_0100_0124_20251107_023753.json",
    "batch_0125_0149_20251107_025544.json",
    "batch_0150_0174_20251107_031316.json",
    "batch_0175_0199_20251107_032858.json",
    "batch_0200_0224_20251107_034412.json",
    "batch_0225_0249_20251107_040104.json",
    "batch_0250_0274_20251107_041945.json",
    "batch_0275_0299_20251107_043847.json",
    "batch_0300_0324_20251107_045456.json",
    "batch_0325_0349_20251107_051029.json",
    "batch_0350_0374_20251107_052812.json",
    "batch_0375_0399_20251107_054747.json",
    "batch_0400_0424_20251107_060651.json",
    "batch_0425_0449_20251107_063104.json",
    "batch_0450_0474_20251107_065530.json",
    "batch_0475_0499_20251107_071326.json",
    "batch_0500_0524_20251107_073103.json",
    "batch_0525_0549_20251107_074858.json",
    "batch_0550_0574_20251107_080625.json",
    "batch_0575_0599_20251107_082434.json",
    "batch_0600_0624_20251107_083920.json",
    "batch_0625_0649_20251107_085357.json",
    "batch_0650_0674_20251107_091026.json",
    "batch_0675_0699_20251107_092540.json",
    "batch_0700_0724_20251107_094202.json",
    "batch_0725_0749_20251107_095728.json",
    "batch_0750_0774_20251107_101506.json",
    "batch_0775_0799_20251107_102906.json",
    "batch_0800_0824_20251107_104512.json",
    "batch_0825_0849_20251107_105858.json",
    "batch_0850_0874_20251107_111355.json",
    "batch_0875_0899_20251107_112902.json",
    "batch_0900_0924_20251107_114449.json",
    "batch_0925_0949_20251107_120056.json",
    "batch_0950_0974_20251107_121837.json",
    "batch_0975_0999_20251107_123519.json",
    "batch_1000_1024_20251107_125019.json",
    "batch_1025_1049_20251107_130613.json",
    "batch_1050_1074_20251107_132016.json",
    "batch_1075_1099_20251107_133643.json",
    "batch_1100_1124_20251107_135219.json",
    "batch_1125_1147_20251107_140712.json"
  ],
  "detailed_results_count": 1148
}