{
  "metrics": {
    "total_tests": 1148,
    "correct_predictions": 963,
    "accuracy": 0.8388501742160279,
    "true_positives": 963,
    "true_negatives": 0,
    "false_positives": 0,
    "false_negatives": 185,
    "precision": 1.0,
    "recall": 0.8388501742160279,
    "f1_score": 0.9123638086215065,
    "error_count": 0,
    "avg_processing_time": 12.663658536585364,
    "min_processing_time": 1.84,
    "max_processing_time": 45.96
  },
  "test_date": "2025-11-04T07:30:54.923474",
  "total_batches": 46,
  "batch_files": [
    "batch_0000_0024_20251104_023538.json",
    "batch_0025_0049_20251104_024259.json",
    "batch_0050_0074_20251104_025027.json",
    "batch_0075_0099_20251104_025807.json",
    "batch_0100_0124_20251104_030357.json",
    "batch_0125_0149_20251104_031011.json",
    "batch_0150_0174_20251104_031553.json",
    "batch_0175_0199_20251104_032119.json",
    "batch_0200_0224_20251104_032626.json",
    "batch_0225_0249_20251104_033139.json",
    "batch_0250_0274_20251104_033632.json",
    "batch_0275_0299_20251104_034158.json",
    "batch_0300_0324_20251104_034718.json",
    "batch_0325_0349_20251104_035242.json",
    "batch_0350_0374_20251104_035834.json",
    "batch_0375_0399_20251104_040512.json",
    "batch_0400_0424_20251104_041025.json",
    "batch_0425_0449_20251104_041621.json",
    "batch_0450_0474_20251104_042139.json",
    "batch_0475_0499_20251104_042719.json",
    "batch_0500_0524_20251104_043314.json",
    "batch_0525_0549_20251104_043849.json",
    "batch_0550_0574_20251104_044513.json",
    "batch_0575_0599_20251104_045207.json",
    "batch_0600_0624_20251104_045819.json",
    "batch_0625_0649_20251104_050504.json",
    "batch_0650_0674_20251104_051208.json",
    "batch_0675_0699_20251104_051853.json",
    "batch_0700_0724_20251104_052530.json",
    "batch_0725_0749_20251104_053221.json",
    "batch_0750_0774_20251104_054015.json",
    "batch_0775_0799_20251104_054743.json",
    "batch_0800_0824_20251104_055543.json",
    "batch_0825_0849_20251104_060258.json",
    "batch_0850_0874_20251104_061128.json",
    "batch_0875_0899_20251104_061830.json",
    "batch_0900_0924_20251104_062555.json",
    "batch_0925_0949_20251104_063306.json",
    "batch_0950_0974_20251104_064336.json",
    "batch_0975_0999_20251104_065118.json",
    "batch_1000_1024_20251104_065821.json",
    "batch_1025_1049_20251104_070503.json",
    "batch_1050_1074_20251104_071127.json",
    "batch_1075_1099_20251104_071813.json",
    "batch_1100_1124_20251104_072442.json",
    "batch_1125_1147_20251104_073054.json"
  ],
  "detailed_results_count": 1148
}