{
  "metrics": {
    "total_tests": 1148,
    "correct_predictions": 650,
    "accuracy": 0.5662020905923345,
    "true_positives": 650,
    "true_negatives": 0,
    "false_positives": 0,
    "false_negatives": 426,
    "precision": 1.0,
    "recall": 0.604089219330855,
    "f1_score": 0.7531865585168019,
    "error_count": 0,
    "avg_processing_time": 32.307891986062714,
    "min_processing_time": 15.19,
    "max_processing_time": 92.95
  },
  "test_date": "2025-11-08T10:24:31.241764",
  "total_batches": 46,
  "batch_files": [
    "batch_0000_0024_20251107_184803.json",
    "batch_0025_0049_20251107_233837.json",
    "batch_0050_0074_20251107_235427.json",
    "batch_0075_0099_20251108_001052.json",
    "batch_0100_0124_20251108_002634.json",
    "batch_0125_0149_20251108_004340.json",
    "batch_0150_0174_20251108_010012.json",
    "batch_0175_0199_20251108_011713.json",
    "batch_0200_0224_20251108_013315.json",
    "batch_0225_0249_20251108_015015.json",
    "batch_0250_0274_20251108_020712.json",
    "batch_0275_0299_20251108_022323.json",
    "batch_0300_0324_20251108_023816.json",
    "batch_0325_0349_20251108_025409.json",
    "batch_0350_0374_20251108_030933.json",
    "batch_0375_0399_20251108_032602.json",
    "batch_0400_0424_20251108_034051.json",
    "batch_0425_0449_20251108_035655.json",
    "batch_0450_0474_20251108_041414.json",
    "batch_0475_0499_20251108_042943.json",
    "batch_0500_0524_20251108_044529.json",
    "batch_0525_0549_20251108_050158.json",
    "batch_0550_0574_20251108_051652.json",
    "batch_0575_0599_20251108_053004.json",
    "batch_0600_0624_20251108_054347.json",
    "batch_0625_0649_20251108_055735.json",
    "batch_0650_0674_20251108_061009.json",
    "batch_0675_0699_20251108_062257.json",
    "batch_0700_0724_20251108_063703.json",
    "batch_0725_0749_20251108_065007.json",
    "batch_0750_0774_20251108_070412.json",
    "batch_0775_0799_20251108_071645.json",
    "batch_0800_0824_20251108_073030.json",
    "batch_0825_0849_20251108_074332.json",
    "batch_0850_0874_20251108_075659.json",
    "batch_0875_0899_20251108_081053.json",
    "batch_0900_0924_20251108_082442.json",
    "batch_0925_0949_20251108_083806.json",
    "batch_0950_0974_20251108_085226.json",
    "batch_0975_0999_20251108_090457.json",
    "batch_1000_1024_20251108_091812.json",
    "batch_1025_1049_20251108_093114.json",
    "batch_1050_1074_20251108_094450.json",
    "batch_1075_1099_20251108_095845.json",
    "batch_1100_1124_20251108_101150.json",
    "batch_1125_1147_20251108_102429.json"
  ],
  "detailed_results_count": 1148
}